"EU legal guarantee notice","EU-Hinweis zur gesetzlichen Gewährleistung"
"EU legal guarantee notice: minimum two-year legal guarantee protection for goods sold in the European Union. More information: %1","EU-Hinweis zur gesetzlichen Gewährleistung: Mindestens zwei Jahre gesetzliche Gewährleistung der Vertragsmäßigkeit für Waren, die in der Europäischen Union verkauft werden. Weitere Informationen: %1"
"GARAN – producer guarantee %1 years, %2 %3","GARAN – Herstellergarantie %1 Jahre, %2 %3"
"Producer guarantee (EU GARAN label)","Herstellergarantie (EU-GARAN-Label)"
"Information on the EU guarantee label","Informationen zum EU-Garantielabel"
"Guarantee terms and conditions","Garantiebedingungen"
"The GARAN guarantee terms URL ""%1"" is invalid. Enter a full http:// or https:// URL.","Die URL der Garantiebedingungen „%1“ ist ungültig. Bitte eine vollständige http://- oder https://-URL eingeben."
"Off","Aus"
"Automatic (from store locale)","Automatisch (aus der Store-Locale)"
"EU Guarantee Notice & GARAN Label","EU-Gewährleistungshinweis & GARAN-Label"
"Order Confirmation Email","Bestellbestätigungs-E-Mail"
"EU GARAN Label","EU-GARAN-Label"
"Enable GARAN Label","GARAN-Label aktivieren"
"The guarantee terms of the producer are attached to this email.","Die Garantiebedingungen des Herstellers sind dieser E-Mail als Anhang beigefügt."
"Guarantee Terms File (PDF)","Garantiebedingungen (PDF)"
"One document per store view. It must name the goods it covers, e.g. ""applies to all products of brand X carrying the GARAN label"".","Ein Dokument je Store View. Es muss die abgedeckten Waren benennen, z. B. „gilt für alle Produkte der Marke X mit GARAN-Label“."
"Attachment File Name","Dateiname im Anhang"
"Name the customer sees in the email. Leave empty for the uploaded file name.","Name, den der Kunde in der E-Mail sieht. Leer lassen für den Namen der hochgeladenen Datei."
"Brand Comes From","Marke kommt aus"
"Brand Product Attribute","Produktattribut für die Marke"
"Brand","Marke"
"Model Identifier Comes From","Modellkennung kommt aus"
"Guarantee Terms URL","URL der Garantiebedingungen"
"GARAN Brand attribute of the product","GARAN-Marken-Attribut des Produkts"
"Another product attribute","Ein anderes Produktattribut"
"Fixed value below","Fester Wert unten"
"GARAN Model Identifier attribute of the product","GARAN-Modellkennungs-Attribut des Produkts"
"Product name","Produktname"
"-- Please select --","-- Bitte wählen --"
"Inline in the email","Eingebettet in der E-Mail"
"As a file attachment","Als Dateianhang"
"No","Nein"
"Magenx","Magenx"
"Legal Guarantee Notice","Hinweis zur gesetzlichen Gewährleistung"
"Enable","Aktivieren"
"Notice Language","Sprache des Hinweises"
"Product Types Without Legal Guarantee","Produkttypen ohne gesetzliche Gewährleistung"
"GARAN Labels","GARAN-Labels"
"Attach Guarantee Terms","Garantiebedingungen anhängen"
"Kill switch: ""No"" makes the garanNotice query and every GARAN field return null and removes the email additions for this scope.","Hauptschalter: „Nein“ lässt die Abfrage garanNotice und alle GARAN-Felder null liefern und entfernt die E-Mail-Ergänzungen für diesen Geltungsbereich."
"Selects which of the 24 official notice versions and which Your Europe link are served. Empty follows the store locale, then English.","Wählt, welche der 24 offiziellen Sprachfassungen des Hinweises und welcher Your-Europe-Link ausgeliefert werden. Leer folgt der Store-Locale, dann Englisch."
"Used for every product without its own URL. Full http:// or https:// address in the store view language; without any URL no label is served.","Gilt für jedes Produkt ohne eigene URL. Vollständige http://- oder https://-Adresse in der Sprache der Store-View; ohne URL wird kein Label ausgeliefert."
